true_rul_capped,predicted_rul_capped
58,61.6268
117,116.995674
109,112.87052
75,80.07238
117,119.190254
69,70.66891
125,120.94555
4,3.641093
15,12.562464
5,3.638131
40,41.445522
33,34.192104
61,60.338787
61,61.523083
125,124.96125
87,81.90922
73,76.53054
125,124.21584
121,120.07769
61,65.10383
123,123.76278
20,12.823198
37,39.091026
125,120.358086
84,93.93902
30,28.764765
91,99.6643
18,16.839525
118,121.275536
125,125.54255
122,119.62767
125,121.15876
33,31.6234
66,66.694275
60,55.725044
120,124.2085
125,122.65962
61,69.23164
125,123.94645
34,30.53852
61,59.298607
71,70.72758
125,124.75189
125,124.29069
64,60.951763
58,59.73438
41,49.51343
18,19.828287
95,106.32258
76,79.93723
125,123.48559
18,15.604888
12,13.10946
91,96.018074
31,36.96801
32,35.498306
125,125.03306
20,21.901114
11,14.06672
72,73.317955
58,58.92463
25,23.162338
42,48.710186
125,120.97061
116,122.65461
6,6.832312
66,66.66953
56,56.5561
51,50.770313
17,15.775819
67,71.15569
125,125.9516
63,68.15714
39,39.183533
6,5.669105
125,124.52833
64,63.24207
85,90.608955
2,1.4862819
10,10.011455
8,8.300399
83,95.52355
13,12.454677
125,125.4067
24,24.149473
125,121.550934
38,38.503178
121,123.875275
125,122.71323
68,75.9529
110,108.76864
58,61.742947
85,92.187386
87,86.70896
91,98.389336
22,20.72982
125,124.65846
87,82.647934
125,124.82353
125,123.220795
54,56.092854
83,86.908615
79,85.906235
93,96.17079
10,9.160945
32,32.243973
12,9.650933
125,124.206856
72,68.8041
125,123.9417
125,122.51654
65,65.42416
17,13.381061
68,77.28512
53,52.341053
55,45.43166
45,43.072906
125,124.76902
125,123.88401
82,90.18064
125,123.31095
36,33.099873
49,53.388775
11,9.334478
93,98.58422
125,120.86917
50,49.692226
33,37.370304
1,2.5970538
108,104.59238
112,116.305275
125,123.41448
119,123.71166
42,41.513317
74,81.50822
123,122.300606
31,32.645054
117,122.10798
125,121.334404
125,124.67084
7,6.619002
125,124.464165
6,5.1069508
86,91.48632
114,117.616615
10,7.7200994
125,121.0517
7,3.1662574
28,26.569063
123,123.53896
71,71.152596
65,72.02398
19,19.382536
105,103.87613
125,125.16287
88,82.694954
46,45.677032
53,61.81674
125,124.289665
32,30.87875
110,122.86515
41,37.72427
23,21.081789
17,15.27032
114,121.33067
14,16.053991
104,108.14379
14,11.817775
125,123.926125
64,63.38493
44,44.186832
125,125.131676
68,72.70577
21,18.02075
27,25.619783
26,24.370962
32,28.45423
125,125.4302
36,36.30395
80,79.07101
46,45.96889
12,14.050323
121,119.805565
125,124.43574
60,61.165882
113,120.28657
104,106.97094
61,56.967236
74,75.478004
103,115.49143
45,45.5304
95,89.1419
125,119.64326
6,6.4113545
125,118.437416
125,120.869576
105,107.61862
125,124.76871
66,71.23146
19,19.853708
35,35.16557
125,120.93066
72,69.34894
43,42.922436
4,5.8644104
74,74.87508
125,124.11481
35,35.012676
23,21.87123
50,54.655743
1,2.08187
68,66.11463
13,12.603478
125,121.190956
125,124.28933
28,26.329557
10,5.4206905
30,26.01814
100,114.58358
100,103.562904
61,67.108665
29,28.811949
125,123.4499
125,124.24384
125,123.25324
93,93.39997
125,124.92919
9,5.6081023
33,33.24325
125,122.70421
17,18.791994
16,9.11666
125,125.19683
60,56.103985
67,64.48847
101,105.459496
42,36.032906
105,109.74332
112,102.51416
107,117.65121
125,122.4267
37,33.75823
125,125.38794
50,52.275272
42,45.288673
16,14.195381
53,52.997894
76,76.48823
52,51.00394
49,50.089302
54,50.46094
125,125.13546
23,22.826595
29,37.3651
39,41.297333
18,22.144512
125,125.01176
49,48.86912
1,1.6435364
125,124.27352
125,124.326515
34,30.601774
37,34.613995
29,38.16187
58,60.825344
41,43.2234
73,73.50882
38,38.598186
24,25.665724
94,100.304405
125,122.39161
40,41.111015
125,121.38311
3,2.979595
100,99.80251
89,91.215675
26,27.519575
89,90.25445
72,71.27527
121,123.12681
100,109.55035
66,70.02489
1,1.8036091
112,109.66231
95,91.070305
26,23.964205
21,21.161722
42,41.183453
78,84.64689
125,124.738716
125,123.19253
70,71.10038
62,64.77626
76,76.28384
69,70.86689
120,121.99673
59,59.954815
27,29.155096
125,125.39223
69,70.68191
72,80.88882
93,90.38929
3,1.91273
3,1.9491549
0,3.7039068
55,52.759907
97,89.61585
38,38.573975
96,94.1663
39,35.712452
29,28.538761
125,123.1023
125,124.147026
113,114.47646
1,1.8548732
83,88.671486
125,123.30808
56,58.42998
60,66.73731
93,96.744865
8,11.185855
25,30.810423
19,17.711575
28,29.879917
125,124.06879
70,79.18135
70,72.342674
125,120.6075
22,18.254162
96,103.50108
9,8.475137
125,122.26385
125,124.35313
113,121.88119
106,108.77422
125,122.80538
125,122.29914
0,1.8997346
125,122.78766
32,36.459545
27,30.859179
49,49.93409
52,57.387066
92,95.381744
125,122.24583
87,86.93466
81,85.81992
109,112.976
86,87.9198
50,48.335228
29,28.109488
105,112.54954
41,41.44923
85,87.52512
125,124.989334
125,124.68683
123,120.90771
105,99.24461
87,90.67575
53,58.156666
73,74.141975
109,117.9067
75,72.9398
92,96.88766
39,38.577488
34,35.357407
125,125.0601
54,53.928596
125,125.28213
71,71.26274
125,122.601364
125,124.102234
75,75.62123
45,39.699944
125,122.22388
125,123.86674
30,26.506691
116,116.060776
125,125.6932
113,113.595665
40,41.264286
59,63.119297
9,10.916133
125,125.53684
125,124.92128
88,89.2798
91,86.894005
84,84.44468
62,62.062542
4,2.0045595
125,124.06782
84,84.774315
82,77.12208
105,107.74316
63,62.057293
3,2.2582848
52,55.021767
16,17.124128
26,23.4823
109,113.60958
105,105.18068
125,123.46084
99,104.9642
125,124.00768
125,123.84592
14,13.584369
106,103.33797
94,90.63523
125,122.09872
43,37.339306
9,5.013965
0,2.2739003
39,35.911167
125,124.25694
103,98.37792
0,1.6265306
57,57.55582
26,21.958776
125,124.77795
56,55.6338
107,112.018425
86,76.75669
125,123.227974
125,124.45208
44,52.491055
116,120.526024
69,72.8709
125,122.55497
82,84.32079
81,81.53449
8,7.905644
29,28.060894
98,99.071846
70,68.5763
9,8.138948
37,39.24666
39,38.140614
6,3.2982314
50,48.01149
125,123.12908
125,125.62086
57,57.018
125,124.44058
59,60.942387
42,42.210224
60,60.492306
112,114.333336
52,50.968853
73,73.54353
12,10.46597
57,56.959286
30,30.337992
125,123.31875
24,21.74334
8,6.0419974
84,85.20985
22,24.306223
73,74.27114
125,118.20658
31,27.637856
125,124.70878
48,49.376263
2,1.7446163
14,13.324954
47,50.571426
67,67.1742
102,99.76391
17,14.255607
122,124.7488
30,29.479239
125,121.46586
69,65.143555
119,123.22695
87,91.63392
0,1.5967401
59,61.775654
33,28.25677
42,42.750515
42,45.233746
125,125.022125
26,26.695997
124,120.450676
111,124.6509
69,71.367905
125,125.47255
115,119.75298
47,50.97817
113,122.59832
125,123.95947
43,42.474663
18,16.463202
125,125.72799
51,46.72938
125,123.24067
125,123.02878
125,118.87107
47,52.60278
65,63.04779
125,123.85291
125,124.136925
55,53.087303
46,46.39213
115,105.93218
99,116.31408
125,125.351234
37,34.26421
40,36.648556
9,8.879741
102,103.11
118,111.21574
125,125.56879
41,45.30431
113,118.45269
125,121.438286
87,85.96642
90,95.99717
38,40.548534
48,49.434864
114,114.494705
46,44.4755
125,123.30006
59,58.712
105,104.36981
125,122.911316
54,56.617535
125,123.03169
84,89.77396
88,97.2461
47,78.52937
21,19.770191
94,94.38558
15,16.586756
17,20.864878
99,95.84391
17,12.404023
125,121.17347
30,27.033232
81,84.574394
96,99.54279
115,123.13186
2,3.2138774
125,123.42715
70,74.766624
46,40.005226
104,101.246574
29,31.4078
101,111.08618
15,14.636186
125,123.938705
72,74.18812
117,109.55843
112,120.78367
33,31.603636
43,46.198936
68,73.20739
86,83.80735
73,72.390434
90,90.434364
20,24.36746
47,46.26457
22,20.620838
15,14.956138
52,59.589264
125,123.83051
42,42.452614
72,72.87857
10,4.153326
53,54.155388
0,2.1346855
56,56.854088
52,50.64794
55,57.509106
9,8.540391
84,79.720375
6,9.536759
3,2.7695055
95,99.06046
88,88.251
6,4.07612
55,55.022327
125,123.3592
124,119.92434
125,124.08979
71,72.230675
124,124.05703
97,95.00718
125,124.348045
76,79.806564
121,123.7805
110,108.74613
30,29.982632
73,74.94878
79,82.351875
124,123.31478
25,26.662577
34,34.21461
107,108.267296
46,44.56949
125,123.186226
75,72.76011
66,71.67484
121,121.84588
108,104.09113
27,28.83313
19,20.036673
98,105.12465
125,124.441826
95,109.80317
125,122.8339
37,38.17694
125,125.42765
17,14.928994
77,76.5591
125,125.52733
58,64.1905
40,42.58869
80,79.26827
32,33.096767
68,71.41076
4,6.583199
125,124.419655
119,122.06812
12,8.6449175
125,124.08584
86,93.67606
4,9.487805
125,122.91158
59,55.50175
9,3.1511059
48,48.259846
104,106.69223
95,100.3709
115,118.47992
125,124.28191
79,79.77833
49,49.67445
62,64.74059
53,51.043827
26,25.747568
54,55.703472
21,20.411516
89,84.90131
103,101.799545
125,118.87051
45,46.69479
57,53.89761
85,83.50234
18,14.828394
121,120.57385
119,121.57804
47,44.642002
54,54.91296
72,76.71067
92,93.41063
125,125.23954
31,34.113598
125,124.13804
125,124.54369
0,1.5429626
63,61.162144
66,62.476597
125,123.28042
7,3.5940964
87,83.68793
48,52.935215
9,7.161699
125,123.27189
36,36.977932
87,92.57069
69,77.17638
125,122.78651
125,123.20486
118,120.57196
60,57.24467
16,13.495585
77,86.57755
113,115.22451
62,67.6841
77,82.122765
121,124.39461
91,96.36805
125,124.2383
20,16.910894
22,18.669098
36,38.337368
21,22.895258
10,9.739001
125,124.139824
42,45.40393
42,41.079876
125,125.70696
125,122.86892
103,105.908485
100,103.84739
74,74.93108
58,59.110134
55,57.458595
75,80.0653
125,122.1964
112,119.96475
1,1.9110174
0,1.7443264
125,121.64104
91,90.316956
61,61.023415
53,59.685467
125,119.063324
46,46.058773
70,74.33233
110,117.33307
83,79.25593
125,123.553474
50,54.638382
50,54.967678
18,19.099546
125,122.496864
32,34.86392
19,24.636547
123,121.70736
21,21.738277
90,92.3474
107,108.93101
125,123.96253
31,30.888227
28,27.382008
118,121.12188
98,97.30167
38,35.748554
125,124.0263
16,15.806005
125,123.2662
80,87.83396
106,119.327644
33,38.170006
52,49.22874
86,90.739494
74,74.350914
108,102.9155
61,60.35609
109,116.34879
18,16.69834
53,52.971508
114,120.633
78,77.18842
112,114.13448
49,50.52953
44,46.581646
68,68.68104
113,113.93067
47,42.124348
4,3.618868
37,38.57834
60,60.075993
59,60.867897
112,110.28767
25,25.068798
31,30.04579
52,47.193047
125,123.5568
106,103.069145
115,120.924
85,93.26663
97,100.934654
93,89.1291
65,69.70446
120,118.66085
98,96.70356
125,124.81139
104,102.6035
40,40.29302
40,37.789143
94,97.01598
32,28.5852
76,77.68827
1,2.4623086
109,112.03349
67,68.02656
6,5.373504
6,3.6995482
125,125.49709
125,123.895546
28,26.745184
125,123.466866
44,42.985966
101,98.586334
86,91.47848
83,90.605705
42,45.35083
81,78.968956
25,20.344454
71,70.10577
41,39.782322
105,112.731384
116,113.32535
103,104.536934
83,87.582
67,71.773125
34,32.59184
125,124.437614
9,6.177644
9,4.848945
47,44.7096
16,16.35972
87,99.26717
125,123.73982
94,108.144066
77,76.73829
47,43.129887
125,124.51554
72,76.35291
125,124.11194
125,125.529236
23,26.116243
125,121.37672
101,96.55651
125,125.57249
32,29.797588
58,62.231213
125,124.63643
49,56.95217
108,105.56197
51,52.098965
101,103.731476
125,125.29275
16,15.790796
125,123.48948
85,80.73647
32,32.470196
14,13.562669
125,123.42814
125,123.43773
23,22.691887
20,21.073822
120,124.46587
125,121.39169
29,34.361736
29,30.462181
58,54.52371
45,43.07356
125,122.93305
22,19.902952
75,81.16338
1,2.1737418
77,76.16401
92,95.55329
119,118.08098
125,123.40559
125,123.8256
125,124.34199
125,122.01954
94,96.86559
125,123.66958
12,12.945064
76,77.36715
116,122.16396
18,17.437187
12,12.659799
31,33.225048
103,105.42013
125,124.11916
121,123.9371
65,70.80103
73,76.98032
3,2.8982594
44,45.40614
125,125.82326
21,19.490444
125,122.36485
79,83.531364
30,29.967165
15,12.663634
125,124.03677
26,26.555887
72,74.05425
38,39.939472
24,24.12623
125,123.564476
24,26.200405
125,125.83133
35,35.547764
88,89.01981
51,54.1924
80,84.03501
70,70.354454
125,124.20947
45,46.71301
30,30.374039
56,56.334576
125,124.583725
52,58.747654
125,121.94185
62,62.148746
20,19.691763
33,34.866463
81,81.4463
17,16.918194
122,124.42899
86,85.66509
125,125.03228
107,111.12557
55,54.459454
109,105.821754
93,93.94205
116,117.84364
86,87.43066
2,3.3531647
29,28.215403
8,6.9454923
91,88.308235
98,101.69547
125,123.68188
125,124.83877
15,18.581438
88,86.124374
125,121.93194
44,48.35889
19,16.483637
79,78.41567
15,13.48161
124,121.58012
89,88.932304
46,49.252136
10,9.817347
87,86.92394
5,2.1799462
55,60.94855
79,82.485756
80,95.369705
30,29.270613
65,69.64713
77,80.13999
54,54.95222
125,120.71795
78,79.051445
9,7.2573924
80,76.87017
59,57.387165
113,119.997536
15,14.775702
125,121.556206
6,7.6494427
125,123.60431
66,73.51853
125,125.60218
1,1.8360515
52,49.242573
25,20.728287
29,30.423738
78,83.799805
125,124.61147
111,124.32195
97,94.45846
122,121.164764
46,45.218327
87,95.0194
109,122.156624
15,13.994536
35,33.729473
125,124.08625
45,42.376545
107,103.583496
102,111.79025
13,12.46544
86,87.82624
109,109.831
104,107.23047
87,89.32188
110,113.54186
6,5.2622304
33,29.299812
125,125.37672
49,47.256523
47,53.74882
125,123.91776
114,112.23428
32,31.794394
50,49.97862
63,66.15394
33,36.9282
110,124.44636
10,8.190127
97,92.97314
82,88.22372
56,52.664623
125,124.38378
112,118.781906
125,122.699615
125,120.9151
48,43.02297
125,124.45247
125,121.47797
76,85.56281
65,66.40398
63,64.89504
38,36.13905
70,81.015495
20,18.232084
19,19.155285
125,124.797035
120,117.63333
125,123.072105
99,99.451256
90,94.67036
125,124.65069
14,14.423175
7,6.5222297
36,39.489834
102,99.02338
97,102.61643
3,3.284601
125,122.999466
90,97.684715
96,98.74941
41,45.844833
8,4.925711
125,124.75416
54,56.74467
125,119.264786
125,125.34461
55,53.31412
32,31.623526
56,62.143436
48,55.936214
94,98.39264
14,14.104864
125,123.66239
69,68.93561
7,7.1156507
38,36.558643
125,122.93014
95,94.56265
43,45.64692
125,124.26229
113,118.70563
118,119.34446
106,107.7226
101,100.88181
85,92.273
125,123.793015
62,61.635433
125,123.62336
125,125.877464
72,73.84443
101,101.66093
50,47.611088
53,57.32645
40,38.828915
2,1.6338311
48,44.3705
15,16.226606
43,40.498924
22,24.563524
44,43.579792
107,114.46364
97,101.43574
29,30.208694
125,124.59322
125,124.06429
12,10.27203
55,58.27001
125,124.693275
2,1.8159145
106,102.82567
37,31.848967
36,34.390217
116,122.657295
125,124.20753
28,29.54745
26,25.2528
34,33.524628
25,26.041655
115,121.67548
9,4.1443243
125,124.392204
22,20.349922
19,17.346012
125,124.794914
72,71.42457
101,104.36777
2,1.7999307
125,122.25094
125,124.40093
103,102.82653
125,123.915054
15,11.84361
125,125.77607
113,119.145775
11,8.785842
23,24.539885
98,99.710396
84,80.846016
69,74.31699
108,110.83139
125,123.50094
69,74.64776
73,72.99847
100,117.18485
19,20.332573
125,123.827065
40,35.97751
90,102.060036
104,100.60525
74,77.70059
43,40.23719
88,96.652214
55,54.38979
125,124.287865
79,79.0364
125,124.01904
48,52.45374
25,25.824533
113,115.55696
6,6.6600204
83,82.14236
125,125.12066
46,50.363117
125,124.13528
47,50.060474
74,76.654655
5,3.2993636
60,60.406013
68,69.62351
39,41.654743
59,61.319332
53,59.2768
125,124.228836
125,124.76559
125,120.97675
89,88.88992
0,2.0391376
78,74.51319
125,125.47509
41,36.062996
81,89.23858
20,19.796751
68,67.312904
125,123.44232
35,36.78779
67,72.01702
43,46.953857
61,65.79674
93,105.17662
76,79.55118
73,78.477776
77,78.89356
77,86.695946
44,39.40898
9,6.8684573
44,47.305965
8,7.665853
61,61.57409
43,48.78323
109,112.18972
125,124.417
23,21.73263
82,79.7098
125,122.82198
125,116.53431
48,50.354618
71,76.57353
125,125.63442
125,124.04254
23,26.152155
109,111.59222
106,109.6827
73,72.76556
27,24.079271
44,42.69274
125,123.232475
20,20.285336
73,79.257034
28,25.246372
80,75.62358
125,124.26246
102,93.60321
36,32.81371
125,124.79044
78,84.20244
24,28.320482
2,2.3726397
105,107.94831
21,18.268751
125,123.06861
55,61.18758
53,53.556812
7,6.301083
125,122.972786
28,24.412977
125,120.60955
39,45.007446
52,55.044765
85,96.36892
121,122.90084
48,54.10816
58,57.384
52,53.814415
84,86.28579
24,22.975964
125,124.85563
87,92.946
110,111.34401
56,58.40783
61,64.7477
125,123.33745
85,86.323586
116,122.920715
75,77.38899
61,66.6355
125,119.286415
125,124.81456
71,69.64422
125,122.95101
96,95.67883
62,62.87543
33,32.02514
11,10.379891
125,124.28614
30,27.36059
125,122.87623
110,113.93432
125,125.00615
10,5.147838
21,18.16603
63,73.158195
125,121.0769
86,89.371376
125,124.30069
87,88.732994
9,4.6519494
12,14.082768
6,5.3505435
66,66.87168
15,13.810515
97,98.865974
125,125.04574
125,123.96626
62,62.165257
102,101.1556
34,38.884678
48,49.419636
65,65.30009
11,7.85838
125,124.492905
46,45.568443
76,76.66657
53,51.28012
9,7.352634
112,119.36677
115,124.405075
65,66.74896
125,123.08047
93,92.98261
0,1.9726127
125,124.37107
108,121.69257
125,123.061195
36,37.86768
89,92.51734
125,125.21339
44,41.56766
88,89.89167
66,66.48515
33,34.68263
91,93.59205
18,16.013845
36,39.85605
17,15.227231
27,24.223028
59,60.65232
63,63.770702
38,41.68942
125,121.39602
27,27.266447
125,119.34038
125,124.64576
81,79.15374
56,59.526672
81,82.42478
55,55.036133
31,33.38024
67,66.31267
57,57.63941
46,45.74902
125,125.05103
45,54.099094
23,23.712477
125,124.50167
125,121.509
36,37.002674
83,88.732445
29,29.408575
125,121.34688
40,42.02934
11,11.393117
109,119.05903
70,74.35606
21,20.240793
91,88.73623
67,70.97529
111,117.66961
22,17.352278
33,31.021727
73,72.95533
84,94.35457
47,49.378864
11,12.404031
46,51.554955
27,26.420473
51,48.13458
22,19.385466
27,27.394049
83,87.255455
125,124.535255
72,68.68008
125,118.799225
43,41.09673
16,16.94478
125,123.777214
14,13.685453
4,2.7201178
13,12.399568
80,82.17344
77,82.9103
92,95.99545
125,121.684784
125,124.47101
33,33.90299
103,101.20807
45,43.402515
53,57.04026
117,123.39064
55,58.26924
54,55.422146
44,45.004906
41,42.76471
79,86.456
12,7.757929
94,107.71051
5,1.8387923
124,119.74964
97,99.65215
70,69.63752
70,67.3185
125,121.917885
125,122.851234
125,124.75978
125,121.46538
125,123.90661
88,89.898155
70,79.722786
92,88.704185
11,9.97009
106,104.35177
61,69.3899
108,111.94213
81,85.25664
55,63.13719
4,4.793203
64,70.65536
99,101.64566
38,39.283676
80,85.01266
125,122.587364
112,119.26142
86,91.192406
125,124.845345
56,55.756893
125,124.350746
124,120.99374
125,123.61915
9,5.50623
4,4.9112277
82,88.661674
52,52.096073
103,110.64433
125,121.80249
62,61.42555
28,26.808296
15,16.917791
62,59.39498
14,14.882942
125,125.07578
92,98.78142
125,119.57177
98,105.31928
3,2.0309317
125,124.408195
35,39.734196
39,43.083767
7,8.330261
105,103.01495
90,88.65048
91,88.802
36,34.72767
125,121.00518
0,1.600045
66,70.751854
36,34.495457
0,2.0781972
125,124.71213
13,16.47891
13,13.218667
86,90.22466
45,44.959297
125,123.25744
96,94.693825
96,99.43605
71,74.509575
39,38.781208
19,17.19712
9,7.093989
78,81.95956
124,122.53197
54,51.616646
64,59.80209
3,1.9994103
90,93.21055
21,18.757324
37,39.35809
21,19.317461
87,86.48148
78,80.202324
90,97.938446
125,120.94101
125,124.930885
55,58.260036
57,54.896393
5,5.6096616
125,125.245544
85,85.16008
125,123.75116
52,51.310375
70,73.44104
67,70.425766
44,49.779392
48,48.6967
123,120.93641
38,38.23161
21,20.481867
125,121.28594
27,26.038828
50,51.118748
19,12.025438
105,115.444756
1,1.6104368
49,48.392757
125,125.23278
53,59.266476
59,53.479355
125,124.03712
59,62.854706
76,77.38553
108,111.39892
99,92.31853
0,3.0899978
104,108.962135
38,37.6543
18,17.229939
43,42.33376
15,13.43581
36,35.188053
70,70.94953
35,37.593906
100,100.54795
72,81.85683
6,3.9449627
33,34.538265
110,118.66364
40,39.360558
66,65.78306
20,19.480255
86,92.12739
64,73.247215
20,18.307493
38,37.909077
86,83.60772
67,70.89184
73,74.9464
9,10.207832
125,124.90128
49,46.4062
31,27.802168
125,124.11445
96,97.85282
109,108.45184
125,123.00346
125,124.443085
117,116.62297
58,62.42761
116,113.90653
125,123.17321
125,124.115074
125,124.917725
101,95.20207
88,87.962074
107,119.87843
67,68.302284
41,39.59161
124,118.34328
88,93.50381
15,14.588014
52,56.914227
5,3.3065178
51,52.137028
99,97.970695
56,60.400764
118,119.91035
125,123.5545
15,17.354588
5,4.3833528
125,123.98559
41,38.90231
19,17.745798
100,98.716225
68,67.3442
12,9.644414
63,61.873585
73,76.69402
68,71.54705
61,59.003834
97,91.37105
68,70.47077
125,124.82402
54,53.57121
7,4.0389075
85,82.14733
50,49.408436
37,38.506123
10,9.217666
89,88.27091
62,64.257095
125,123.87671
91,107.6708
81,86.35502
88,95.81002
2,2.5340083
84,81.57131
32,30.713892
19,20.319988
125,125.04655
17,15.62606
8,7.018754
61,57.162376
119,124.54121
82,86.013214
44,45.429096
78,77.72168
86,87.91619
87,93.110886
3,5.710598
25,24.518343
75,76.01313
125,121.10839
71,69.346016
78,81.96091
125,125.585075
108,109.94012
36,34.93523
125,124.86554
111,119.03909
5,3.0157728
62,66.173515
125,125.24602
6,3.5442336
77,77.66296
81,97.438705
33,26.99803
12,11.384074
57,59.89906
113,115.33813
14,12.754694
125,125.21251
95,95.55857
27,27.746183
125,125.4199
118,117.34212
89,93.713036
5,10.680357
46,41.417404
97,95.89104
3,3.0345194
3,2.8210108
45,46.009514
3,2.723757
88,95.14849
103,100.78295
13,14.398633
46,45.225773
98,95.52951
2,4.042901
125,119.9576
64,63.735176
125,125.19036
125,124.49239
78,88.03036
92,96.13052
80,77.8101
15,14.334326
49,55.79159
123,123.96381
58,58.911274
125,124.64306
125,125.9307
82,88.879005
116,120.91534
59,60.196365
60,68.234886
17,14.748069
46,39.89558
9,7.211657
14,9.270743
125,124.59777
80,91.234024
72,73.292015
31,31.467804
125,124.738106
98,99.21463
23,24.198126
50,54.04165
125,124.76034
92,85.399826
125,124.244
125,125.36093
24,27.253492
99,101.06135
7,2.3171642
75,85.67925
106,108.19144
63,68.81114
35,32.11984
124,124.21215
37,37.13458
54,53.436535
125,111.52887
99,97.01591
76,78.40751
125,123.20159
125,123.829544
62,67.029884
125,124.92182
28,31.24732
33,34.429474
11,10.566234
30,39.06484
125,124.30732
112,116.792046
125,124.2971
56,56.453808
52,51.47894
91,90.5471
25,24.17434
122,121.553154
20,18.44985
123,124.492455
14,12.36485
32,27.452
106,110.43728
85,89.028015
41,45.47829
60,63.70695
51,48.920673
113,119.997574
38,41.187077
57,58.108265
94,101.99032
112,114.48377
54,57.51325
41,41.58941
102,103.09821
86,87.54487
99,103.14149
125,123.20186
57,61.983128
70,72.59536
125,121.77587
87,81.67338
125,124.53668
92,94.31254
12,13.762092
91,86.35688
125,124.73867
99,98.005486
114,117.852
102,99.2981
94,96.96172
57,57.671307
125,124.84138
125,123.73668
98,104.19892
125,125.7169
49,50.536495
79,85.60997
58,55.62608
58,47.87573
118,119.347595
106,104.8546
125,122.98494
12,11.49379
29,25.398829
47,48.35719
1,2.6017225
47,43.215946
24,23.964418
86,86.96134
65,66.32647
104,119.67043
77,81.78567
31,35.91896
62,61.149605
2,1.9830437
57,56.779358
65,76.85024
33,34.383045
8,5.286815
87,87.713486
67,68.465004
18,16.610762
86,90.26188
112,113.8829
77,79.12311
61,61.89598
125,124.90377
125,125.06921
125,125.25012
125,125.14073
125,125.082954
125,125.24926
9,8.118421
74,75.31169
125,122.31174
25,25.591965
14,13.491189
36,37.86664
29,22.49453
52,53.098915
44,46.285694
75,79.90467
12,8.561681
33,33.14253
116,123.12607
104,105.15308
33,37.444214
125,123.49222
77,75.2218
22,20.672455
107,115.168144
52,49.903263
63,60.171032
65,69.37858
81,84.94629
125,120.435616
60,66.55721
27,26.324451
110,110.70061
18,12.839984
66,70.49002
46,40.63547
41,44.29131
38,37.123543
30,31.044823
21,23.350006
116,120.72463
122,122.39344
94,102.39321
125,124.66676
118,121.71815
69,73.67296
43,48.41381
103,98.6247
125,124.59493
51,52.31497
54,61.042866
39,41.298847
74,74.704865
74,72.37218
42,41.532177
100,97.88323
42,43.112495
112,100.78217
118,123.83852
93,95.80366
12,11.634595
2,2.1690288
18,19.04526
22,20.076136
57,61.033485
74,77.070366
108,108.05783
30,31.267565
88,93.519714
48,51.14835
69,74.40179
98,104.10543
103,104.796074
125,123.62214
40,42.367847
125,124.65127
13,15.061081
125,123.47889
61,59.523525
6,3.1170495
74,81.00154
125,122.68272
40,42.26804
125,116.58694
125,123.89655
114,116.301544
116,120.32391
125,124.7693
79,85.26832
61,57.180546
25,27.855436
41,40.03131
107,106.53709
90,87.17478
125,124.05085
80,80.31075
13,8.275752
26,25.06684
103,105.18816
125,122.76444
70,73.16347
50,55.828373
106,111.73919
125,124.49542
91,88.114204
13,11.01737
105,107.340385
47,53.70061
82,83.652565
45,50.82976
125,124.854225
125,125.42222
3,2.961593
46,44.590626
125,122.020065
2,2.666558
7,8.3919325
84,91.547554
125,120.85632
11,8.773656
125,125.45526
125,117.95713
9,7.750708
26,22.732315
23,20.430376
125,124.15655
40,43.55051
120,119.96642
80,76.7141
26,24.556715
115,125.48388
0,1.5055867
9,8.892793
60,67.37785
98,97.49104
68,74.94981
56,57.45482
116,121.86854
31,27.954214
83,82.554375
47,49.54023
104,103.438194
125,122.43758
125,124.20545
45,44.996883
73,73.11872
66,71.490395
125,124.46449
125,125.18239
82,80.17324
49,51.198658
3,3.7440965
39,39.47915
125,125.06462
125,123.524826
95,100.699104
47,45.464497
125,122.15304
21,13.116783
12,11.967273
84,86.1196
82,84.715675
101,101.971245
115,114.26272
60,63.076893
24,18.739374
125,124.97694
63,61.91274
49,51.227848
22,22.144402
82,85.23829
82,89.47558
117,120.06543
88,90.12984
18,21.896639
125,120.454475
105,108.76183
125,124.80514
81,82.393654
92,96.450294
59,60.401363
70,78.32892
32,32.59652
115,122.99612
108,108.404205
121,123.019264
24,25.547506
2,2.7455132
92,89.96607
125,125.46335
43,43.78211
6,5.2270265
125,123.401474
96,99.9928
102,103.75886
125,124.88871
13,11.689076
3,4.546198
118,124.08274
99,96.8389
42,38.15181
45,52.662548
40,41.952007
89,85.30321
125,125.427345
125,124.06002
125,124.82555
8,8.21613
97,99.48127
17,17.400673
85,90.11852
45,44.763496
42,42.173183
85,78.799
24,23.601614
118,108.95581
8,6.876181
41,45.071255
63,64.50827
41,40.853928
123,120.545
109,115.744896
9,9.523093
125,124.91562
125,122.022125
21,22.398993
3,6.319031
85,86.20115
7,5.4061794
103,105.71398
125,123.40939
73,75.39849
79,78.7636
6,5.8253045
56,61.314106
37,36.524235
88,101.41921
56,57.086254
21,19.429869
106,103.8002
64,70.50056
25,26.258692
54,56.96059
37,37.986526
84,90.149025
125,122.096054
72,81.650024
125,124.92762
125,123.610466
83,89.2837
72,74.22152
53,54.01556
35,31.56956
125,125.378365
60,66.483665
82,83.82584
9,10.9459305
125,123.35247
65,66.42467
61,64.97558
1,3.7296412
1,2.1488352
49,48.53315
63,66.06349
2,2.2981327
33,32.14132
14,13.534045
125,123.06604
125,122.98207
1,1.7427465
101,101.79162
28,28.595781
45,44.971394
30,34.743515
94,91.67843
125,124.998024
13,6.203154
121,123.98064
74,72.90929
3,3.419698
64,69.85943
103,99.18166
34,43.687466
1,1.6375153
84,89.50539
101,95.72854
49,47.849506
125,124.85051
89,101.25283
25,22.464705
125,122.50296
70,77.340126
21,22.30021
125,124.09181
94,91.13164
81,77.17599
81,93.873116
84,81.3919
39,37.476597
68,87.00878
24,26.011227
58,62.858204
125,122.833885
53,57.91013
74,77.53877
125,124.45875
125,125.23314
124,121.99449
12,14.522378
118,122.517204
125,123.98425
125,124.90079
107,111.06936
94,100.743546
19,14.6635275
63,63.307903
8,3.7733939
3,1.6864196
91,104.26783
10,10.582134
46,46.697174
54,60.010754
106,106.256485
7,4.5707345
114,115.554054
48,49.95129
71,71.66864
50,47.899044
125,123.18702
30,31.229809
100,102.79188
12,11.082677
113,120.09176
28,27.660093
125,123.22276
58,63.21451
125,123.49168
125,124.54984
33,32.18509
97,104.309456
71,74.07944
64,69.45393
111,112.40678
89,94.66919
102,108.47349
96,97.166855
81,87.20428
57,60.16991
28,24.644674
29,28.587013
66,68.037674
55,53.179405
9,5.3705115
111,119.34476
6,8.476343
105,107.19593
41,40.99223
90,94.964615
84,85.282135
125,122.96621
102,99.94365
66,65.47463
36,38.55862
22,20.648708
62,69.9534
90,93.123856
36,38.487736
63,65.34596
125,125.029175
125,121.61119
51,57.031445
69,69.47586
118,122.05233
62,60.23775
10,7.081447
125,120.48496
125,125.45742
21,22.487612
103,100.91212
49,50.098087
125,122.53314
27,26.048555
82,81.16404
125,122.150116
1,1.9284714
16,19.716991
100,96.827934
29,28.671257
83,89.781425
125,124.265785
125,124.30661
71,72.87996
65,70.25005
0,1.8779635
43,42.449646
125,121.47106
13,10.1553755
125,122.64786
36,34.162106
49,48.30545
88,95.00596
90,89.1045
125,125.009926
125,124.07501
67,66.45611
75,77.90887
125,125.26211
95,96.1946
67,74.007225
103,102.70196
125,123.61013
14,13.92722
39,34.753544
20,17.990217
125,123.98326
79,80.63293
125,124.917
125,123.2253
32,36.058033
99,106.34892
61,63.955067
57,61.351692
125,125.47559
27,25.911163
69,73.3258
46,44.45885
106,105.93235
121,123.170265
37,36.91477
110,113.370316
11,6.22914
63,70.39596
19,15.871898
38,35.957596
125,125.82491
25,21.16511
72,75.97073
121,120.867134
92,93.511024
110,120.92352
123,120.24392
84,81.35537
49,47.96539
125,124.23036
54,54.998806
93,91.89048
125,124.680336
95,98.837425
56,58.359493
50,48.70561
76,77.72498
97,99.6356
97,99.71887
65,72.028175
7,2.8851972
120,113.38453
125,121.816505
58,58.35761
34,34.729168
14,14.0412
77,76.06541
30,32.359505
81,80.61628
125,123.52425
88,91.03101
80,88.36073
6,5.729314
116,120.969536
89,98.19961
50,49.46813
121,113.38903
0,2.4811697
65,64.63189
70,73.88975
88,93.280876
20,17.05666
125,124.33068
23,23.551752
125,124.80253
84,85.6661
125,124.59811
125,123.15242
98,93.997154
125,123.422165
115,119.45475
125,125.28332
90,90.35462
125,124.068565
63,58.094856
28,27.932898
93,91.39833
69,68.70775
119,123.712746
1,2.425216
82,84.76743
57,55.33323
125,125.00028
74,75.608376
29,28.637712
11,10.254918
125,125.528984
11,11.5685625
43,39.154564
24,24.365896
60,62.899803
65,66.87861
125,124.77384
113,116.17627
73,76.01717
67,71.34647
125,125.138695
53,50.489025
125,120.840706
125,124.27555
50,54.15828
117,122.95973
40,41.44225
71,69.2609
77,80.42977
52,60.39941
18,13.778735
6,3.1453693
103,103.41935
43,45.72772
105,124.7937
125,125.020134
49,50.024113
125,124.815
41,42.643814
125,123.96606
113,114.4398
57,59.122864
26,26.218618
15,13.511555
124,121.9845
125,122.9929
125,123.28858
104,105.18585
33,31.581163
125,123.66848
125,125.018974
125,124.302826
64,70.08846
125,123.52174
1,1.5874404
4,2.5563948
6,1.9566829
125,124.13513
125,123.1464
85,84.49517
12,14.004772
125,123.15556
28,27.927675
125,124.191475
58,55.61084
41,39.557762
123,122.90054
89,84.25658
125,123.294624
52,55.098354
95,102.3549
55,56.29272
4,1.8863963
65,72.79232
88,89.59034
85,92.28764
125,121.80258
115,122.78951
125,124.06868
45,44.915707
31,30.755629
120,123.4772
30,31.920774
118,122.83663
54,54.51898
75,82.211174
50,56.946304
86,95.4192
61,61.355667
23,15.511825
112,116.01178
108,106.90093
96,90.34817
98,98.739845
7,6.145904
125,123.915535
87,94.971886
26,31.748106
68,70.32087
125,122.51253
33,34.07973
46,49.414944
125,124.45048
92,94.31619
17,16.161238
125,121.36547
5,4.412534
42,38.46409
40,38.17509
59,60.54838
74,76.44756
39,37.752563
125,122.63008
125,122.2937
125,126.0119
67,68.613014
56,57.57975
81,85.53237
125,124.90116
39,34.67024
90,93.668655
92,94.60638
105,103.25738
78,79.05078
85,83.64861
125,123.94523
61,61.755104
115,118.418915
90,87.558205
77,75.719246
125,121.39473
100,96.105125
50,57.329544
114,120.85876
3,3.7872596
94,99.42893
33,33.12412
89,91.77857
18,20.178293
75,82.994934
106,108.96063
122,118.96859
16,13.352801
27,26.863905
125,122.776085
52,49.04533
4,2.534261
125,119.077995
95,98.00854
114,114.76205
21,23.132608
104,112.36622
105,108.969124
125,124.44987
125,123.87366
76,78.49505
54,58.10933
14,13.99871
97,102.846954
4,2.740144
58,59.33574
99,94.66311
125,125.419525
37,35.80714
68,70.32395
55,53.911266
5,5.651852
125,123.81373
79,80.05836
11,8.147823
124,123.71699
39,36.524807
78,79.57361
52,51.25291
33,30.614262
94,97.73161
125,125.02976
77,73.483025
125,119.96995
125,123.27874
58,59.966717
34,37.68196
25,25.656096
25,23.230017
97,101.14936
59,64.54969
29,26.600286
125,122.389244
125,123.24923
125,122.67015
10,6.727421
119,123.07913
47,46.90701
111,120.53395
42,42.454105
1,2.6649683
81,83.97313
97,101.6923
125,124.17072
62,62.943386
60,63.898453
90,91.91742
119,122.67442
125,124.74862
8,3.7666976
117,120.79359
125,123.82685
38,41.043034
125,123.04376
66,67.73089
69,72.73736
125,122.05342
125,122.280495
73,71.979126
36,35.798733
72,71.26293
25,23.24912
1,2.034742
116,123.33507
22,20.790323
8,7.2086134
47,45.5242
125,124.92083
59,60.882225
68,66.139305
43,43.41041
92,96.17036
118,118.44468
125,123.87278
125,124.78138
125,122.52902
117,120.54521
4,2.0508473
50,48.80436
37,35.69964
124,120.305824
93,102.530525
117,123.46813
125,123.787766
32,32.62526
73,79.71256
125,124.15555
107,112.26661
71,72.58436
82,82.8825
72,70.611855
19,21.01925
125,123.68657
45,45.384785
64,65.271126
16,17.502203
4,2.7612193
1,2.8608758
108,109.55362
27,32.722004
21,19.962759
82,80.87501
125,123.632515
59,66.28915
19,16.003487
125,123.684746
41,40.77515
116,124.3814
125,121.93144
40,38.19684
35,37.68217
83,91.05121
125,120.75149
125,125.856514
14,11.453922
30,29.29299
51,52.195312
8,3.8523662
84,84.38282
120,124.746864
125,124.3973
100,101.9614
3,3.98394
75,86.9307
125,124.92043
35,38.057117
71,71.17177
3,2.1173983
42,45.462135
32,28.709572
68,71.00848
112,110.766624
85,83.885506
125,125.149536
113,124.46696
54,50.955105
123,124.91175
113,101.943855
46,45.94787
34,34.7841
92,91.483635
33,29.966192
125,123.79924
11,11.504473
125,122.780975
125,124.62971
35,31.488562
25,23.93708
115,122.18467
111,117.725395
28,26.475855
8,3.9085798
1,2.956488
125,122.443794
18,15.749491
3,1.625488
91,84.822205
125,121.819855
15,7.808454
19,11.661259
42,41.540504
14,14.052991
94,94.14176
106,103.335335
85,90.098
124,123.110825
118,117.51498
19,16.733084
69,72.520615
125,122.62281
74,76.53767
94,99.48843
125,123.34959
28,23.85562
35,38.16722
98,96.37145
64,62.913567
125,123.951294
119,120.21836
37,41.323
33,31.058146
25,24.020596
35,39.05707
3,3.164644
75,80.37542
66,65.71223
32,33.117672
75,80.62285
56,58.614204
56,64.300026
108,110.592766
125,124.531364
125,122.11408
64,72.09168
9,6.608929
37,37.959484
44,42.36382
56,57.279995
15,10.870611
58,61.016464
73,82.42114
125,124.03195
21,22.039066
20,22.230225
125,125.097046
37,35.59408
25,21.132273
16,15.8640175
106,107.31628
60,62.09645
0,2.161756
125,123.72654
56,55.910442
125,124.66634
2,2.238152
125,125.11266
64,66.40954
71,73.58254
106,100.95811
9,7.3751593
125,124.851204
125,124.893715
122,119.43993
125,124.4727
93,96.15519
8,4.263799
125,123.33346
104,113.97431
95,98.05082
115,119.66488
41,45.431213
125,122.16191
42,42.298504
122,120.220314
84,95.56558
64,63.24973
83,81.267586
0,4.666043
125,122.20019
105,107.71586
7,7.525697
59,55.273075
42,43.279835
61,67.369
8,7.672358
23,23.061052
125,123.37002
16,13.5752
98,103.719536
58,56.26605
92,88.237114
30,29.199362
96,106.720055
49,49.428493
69,75.83118
115,114.56862
125,122.20176
75,72.744606
121,120.41642
96,91.41816
26,27.160648
78,83.74549
122,125.12567
5,4.894168
37,38.468464
122,123.6951
118,124.36943
46,41.984905
3,2.2728755
25,25.530428
51,49.92785
56,60.6546
125,123.44756
18,16.54664
82,88.895805
70,72.55517
125,124.993996
101,103.398094
14,11.261582
67,70.76049
70,75.27459
68,67.47205
25,23.513647
52,50.64214
28,29.382715
125,124.16282
91,102.97821
23,21.396471
125,123.12886
90,101.520706
125,121.39193
40,38.864582
28,24.981676
100,106.14825
109,118.20257
109,110.05218
19,17.524538
74,76.944756
71,72.81939
113,122.12876
66,64.7468
97,98.58431
107,109.00251
50,53.28177
51,48.225735
111,108.38852
102,108.220116
123,117.771866
25,20.211546
47,44.569366
125,125.245316
125,124.5371
17,14.377102
99,102.92522
7,5.1921687
20,17.870731
51,52.66563
7,6.3875504
125,121.08115
4,3.2747114
10,6.5552764
69,69.29815
96,92.84298
56,59.50472
43,47.961395
113,115.052666
59,59.30219
125,124.98799
125,121.76067
125,122.95833
50,54.830723
60,61.7315
27,27.416765
122,124.60483
90,94.34214
17,18.977861
62,65.43867
118,122.02457
36,34.221878
85,82.8771
55,55.787685
33,39.912746
83,81.89869
42,40.289547
120,123.54393
95,97.531685
13,9.491061
125,123.28415
125,124.03706
117,118.72574
43,45.06604
104,100.00896
66,75.648186
30,25.345934
125,124.14721
111,116.19188
125,122.22654
125,123.807884
87,96.25994
52,59.55508
94,94.11747
92,104.88142
1,2.5057948
10,11.359663
57,57.577473
76,74.976746
23,24.697647
70,71.11994
69,75.7976
40,44.5934
107,104.52825
83,83.458885
52,54.181293
113,113.05663
9,7.8733487
46,43.878323
36,30.999102
2,1.6992772
58,58.34542
81,86.13965
108,105.253624
125,123.246056
125,120.89796
125,124.78725
3,3.7986476
89,91.63873
71,73.09285
94,97.009834
81,83.0135
121,124.1932
63,62.08519
107,120.48504
30,27.848501
125,125.09025
57,65.116066
38,38.333263
38,43.45841
122,123.25303
114,116.6218
92,90.77297
46,47.575066
125,118.79241
125,124.6775
115,117.422676
109,111.00353
81,77.32754
125,122.75451
91,95.356865
125,125.87316
125,122.28097
125,124.21099
60,63.224052
95,95.48283
58,58.944763
15,16.44689
49,46.548443
102,101.56158
0,1.4845495
7,4.3351073
93,93.69615
125,124.69799
78,74.64892
125,121.64993
105,102.89222
123,122.207695
103,120.011986
79,78.88717
125,124.24521
125,123.54201
16,15.146861
0,1.50789
83,83.1193
125,124.17262
6,5.279062
82,82.440926
25,22.811476
2,2.1222022
113,115.435295
97,118.73934
64,68.65015
125,124.23556
91,83.73078
22,26.467375
55,50.024605
88,93.06454
90,91.915955
79,81.415764
49,43.563007
42,42.657475
125,122.12637
17,18.39921
62,63.72711
35,35.525646
109,114.58198
44,42.820156
105,100.0411
100,105.25759
120,122.50261
125,125.44793
37,39.08764
85,86.91207
26,29.085928
105,113.03007
125,123.34522
32,29.118095
102,99.457726
93,89.96397
50,47.373093
90,86.98577
101,101.497215
47,55.704956
19,21.117722
30,29.362501
68,71.77889
96,96.37022
4,3.3138385
79,82.22104
125,121.42408
92,97.244255
14,11.246502
125,125.08683
115,114.93676
87,90.98411
6,5.5845428
125,123.64786
125,125.67329
12,9.415053
73,81.49135
92,91.369774
38,35.446457
125,122.65843
21,20.431364
19,20.60768
27,26.90074
58,53.666744
125,125.57336
90,87.44963
24,25.43975
62,69.753624
125,123.70164
125,124.906654
120,123.60008
78,77.83421
125,124.78541
125,121.35754
125,121.01869
125,122.355415
39,41.920376
85,84.128105
15,15.163145
125,121.3933
96,88.86909
79,82.1112
17,17.844002
39,38.453068
22,19.883005
114,117.67272
73,72.44106
44,43.371433
2,3.451125
85,83.29326
19,18.89562
64,63.139706
125,122.58109
94,98.10762
125,121.52473
125,124.14163
125,123.03532
116,118.54806
88,95.22405
106,124.85411
91,92.210106
96,100.81893
19,22.550611
46,47.8969
18,15.804833
96,94.281944
56,53.62643
3,1.7779605
48,51.977013
70,68.36765
125,121.64411
12,12.75505
98,101.28346
125,123.96693
50,50.781567
112,111.33697
125,123.22828
125,121.60879
4,3.2017636
125,123.89683
98,99.2032
125,124.371086
82,81.43893
33,32.459953
125,120.69173
56,59.402756
40,41.506794
125,123.85049
110,112.34539
26,26.000677
13,9.921683
66,70.713326
100,96.4
123,121.764885
4,6.7128882
35,35.56734
125,122.917206
26,28.294212
51,50.546017
105,104.32674
125,124.63514
100,95.98783
102,105.43276
29,30.063404
125,125.23931
60,64.12862
73,74.991005
125,121.78223
125,124.91935
5,1.8380167
